N,solver,coverage_mean,coverage_std,coverage_max,runtime_mean,runtime_std,violations_mean,violations_std,energy_mean,energy_std
25,Greedy,7.116562078652891,,7.116562078652891,6.556510925292969e-05,,0.0,,-327.1165620786529,
25,QAOA,2.8890062089556587,0.044862381861779696,2.909069276050757,17.640941095352172,0.7675420289439654,0.0,0.0,-197.88900620895566,0.04486238186177104
25,SA,6.859870086245993,0.07587378228756841,6.984345138608783,1.094648838043213,0.21770901520979472,0.0,0.0,-326.859870086246,0.07587378228755784
50,Greedy,11.452310320307,,11.452310320307,3.0517578125e-05,,0.0,,-731.452310320307,
50,SA,10.537043212077792,0.2301637567996021,10.786033689202934,0.9995584964752198,0.018092090608294982,0.0,0.0,-730.5370432120778,0.23016375679960538
100,Greedy,18.636493346954822,,18.636493346954822,3.4809112548828125e-05,,0.0,,-2018.636493346955,
100,SA,16.283083050378185,0.14118100493131558,16.44930451779906,1.148262119293213,0.10100644299186094,0.0,0.0,-2016.2830830503783,0.1411810049313696
