solver,coverage_mean,coverage_std,coverage_max,runtime_mean,runtime_std,violations_mean,violations_std,n_selected_mean
Greedy,7.4670375159438045,,7.4670375159438045,8.678436279296875e-05,,5.0,,8.0
QAOA,7.265390748288906,0.07825629397271038,7.371919326270383,161.4593740940094,8.327454089577564,0.0,0.0,8.0
SA,7.353924522217615,0.02550166128222505,7.378970037408118,1.295357847213745,0.037794939712476674,0.0,0.0,8.0
