N,solver,coverage_mean,coverage_std,coverage_max,runtime_mean,runtime_std,violations_mean,violations_std
25,Greedy,7.4670375159438045,,7.4670375159438045,3.1948089599609375e-05,,5.0,
25,SA,7.353924522217615,0.02550166128222505,7.378970037408118,1.3802009582519532,0.11760543234090243,0.0,0.0
50,Greedy,11.452310320307,,11.452310320307,3.218650817871094e-05,,4.0,
50,SA,10.295911032621001,0.0779985066862491,10.375637341975123,1.3680870056152343,0.06670259298446884,0.0,0.0
100,Greedy,18.636493346954822,,18.636493346954822,3.600120544433594e-05,,5.0,
100,SA,15.989838355461774,0.20225641900154828,16.265594612778173,1.406763982772827,0.018573691374301534,0.0,0.0
